PhoneNumber|BoughtProductCount
(826) 634-9102|13
597.532.7325 x1875|12
(555) 485-0741|19
709-712-1051 x32235|19
273-897-4650 x75792|2
1-711-683-4384 x4357|12
(410) 836-6249|10
640.493.1711 x0551|12
(995) 534-6704 x98876|3
222-475-1199|11
516-481-7598 x6286|19
1-798-985-1495 x0384|16
392.860.1076|10
252.886.4824|12
774-201-5161 x16221|19
1-588-497-2599|0
529.976.8272|5
1-872-888-0229|8
221-721-6182 x3307|12
(465) 249-2273|1
327.725.0363|18
768-396-2559 x071|1
1-899-691-0495|16
714-806-7558 x928|6
975.270.9529|3
849-832-4566 x8416|16
496.738.9031 x88344|10
1-488-428-9984 x40593|12
220-727-5784 x8360|10
1-432-611-2372|2
(622) 742-3048 x898|19
1-765-999-2133|2
(833) 874-5909|8
717-859-9553 x2243|12
831-609-7010 x64861|7
470-653-2561 x293|8
728-968-4288|4
1-652-627-5315 x67415|10
(703) 970-5611|5
1-731-331-0446 x60733|0
(998) 625-3580|14
934.746.4828 x2253|12
609.885.0061 x7631|4
1-338-225-0710 x139|14
988.381.4172|2
(899) 466-3211 x15326|5
566.978.4089 x877|13
1-408-922-3186 x782|11
1-992-972-0229 x849|18
683-922-3010|8
979-706-8362 x86812|15
(627) 439-2717 x54521|6
976.922.8773 x69420|9
(455) 423-1118|15
(357) 513-4864 x29318|16
599.916.1672 x90026|17
1-582-715-0058 x3228|16
349-804-8636 x107|13
1-920-295-1610 x3385|5
714.732.5096 x670|4
1-533-955-6718 x23056|7
568-614-1097 x3441|5
944.957.8817 x43064|9
806-459-4974 x7261|15
394-587-8504|19
375.877.0357 x273|4
(597) 651-7803|8
403-779-3294 x2543|5
(200) 864-4101 x36858|5
664.576.8021 x3668|11
(350) 337-8126|3
527.703.0211 x60663|2
337-514-6422 x9120|14
389.803.6468 x89931|10
674.593.3268 x62884|14
(975) 688-7762|6
205-778-2365 x8808|4
806.765.5722 x4599|2
594.929.7400|4
(936) 636-6286 x18160|18
(327) 328-5322 x04828|10
1-647-585-7226 x56850|5
1-473-767-5303|14
365.865.6813 x2198|19
1-736-278-6855 x479|7
(859) 705-9989|1
861.823.6211|19
1-869-490-1721 x705|0
806-483-6897 x9239|3
1-480-281-2427|17
633-603-8157 x47360|12
768.286.6778 x9160|11
907-377-9908 x065|5
(838) 774-0237|16
(930) 661-3327 x1872|0
963-776-8730|9
808.602.5679 x77007|3
840.684.3967|10
563.440.6222|2
(546) 815-4363|5
980.219.9545 x4595|4
714-561-7317|8
319.966.7940 x736|7
(456) 644-0768|7
518.605.4121 x02599|15
654.614.1150 x7958|0
535.987.5306|2
(540) 907-5912 x43756|19
1-603-583-1547 x1507|1
206.905.5507 x3049|10
945.972.9210|0
582-590-3183 x574|1
(203) 326-3140|17
1-675-558-7589 x556|7
986.807.1558 x73966|3
480-298-3883 x38365|9
660.458.3357|11
1-802-750-2581|17
715-326-8537|14
(727) 338-5086 x200|18
(971) 648-4097|4
927-283-2346 x599|15
(793) 308-3123 x44575|9
526-663-3148 x239|8
(979) 700-3535 x46973|7
(862) 464-5926 x0945|12
579.502.6189|17
1-761-733-0938 x761|11
626-520-4289|17
730.607.4223 x798|5
331.919.8492 x08486|3
931-801-8955|14
(268) 415-1987 x664|7
566.570.6524|6
1-852-229-2157|1
851-257-1730 x3208|10
1-575-765-5106 x456|18
(723) 575-1132|19
1-297-740-8509 x204|4
751.902.5662 x8417|14
1-258-868-7757 x60489|6
(725) 381-5134 x137|1
990-970-4107 x51862|19
468-491-2483|13
1-607-669-9234 x07579|16
(280) 829-0968 x393|18
1-761-721-7506|9
721-798-1323|18
(657) 510-2050 x4957|3
972.751.2373|11
451-914-6698 x644|5
(730) 432-0583 x48209|13
497-400-3619 x267|3
1-791-961-9598|4
(536) 367-6579 x57151|1
762-839-8188 x229|9
1-993-399-3296|14
643.720.8558|19
1-572-805-3853 x315|8
486-461-9982 x73264|18
632-716-9525 x77852|10
778-204-8367|18
801.564.3762|2
(935) 860-3951|1
1-390-731-4548|7
995-545-1758|18
1-548-836-8875 x306|14
(853) 311-0432 x441|10
1-552-894-7479|13
652-494-3578 x84396|8
552.818.9284|11
605-220-7984|4
815-894-1824 x7742|0
1-683-587-0292|0
1-924-894-5193 x63777|19
(993) 351-6181 x68527|10
1-510-839-1679 x99046|3
(371) 538-5569 x9177|16
857.979.6541 x157|11
1-667-416-4912 x335|15
(799) 407-8357 x1578|10
256.268.4721 x8263|19
897-608-4590|4
1-702-562-9309 x32181|6
1-586-248-2004|7
1-454-559-0631 x86147|17
1-859-266-2915 x39461|8
1-958-993-3374 x91599|3
587-479-2442 x60586|5
356-627-0812 x1412|12
(873) 673-8583 x6234|16
245-599-7166 x42441|6
340.625.4802 x048|13
(611) 510-9579|1
1-483-367-0217|11
911-643-4515 x899|11
977.892.7407 x324|7
770.590.4268 x8629|3
362-437-7129 x8714|6
763-532-5013|5
(280) 430-5202 x511|16
403.887.6976 x1849|19
739-580-1878 x86246|12
(617) 494-1048 x6053|2
453.599.7215 x172|7
347-485-7235|1
218-775-4480 x38665|13
982-813-9366 x56623|4
598.690.3111|12
1-298-345-2192 x25974|17
1-423-896-8528|13
1-218-955-5096 x791|10
813.549.1520 x509|15
(348) 892-3523 x3608|0
854-842-8726|0
(498) 676-3613 x693|11
(472) 448-3335|10
(848) 265-7563 x43472|3
613.292.5729|6
832.698.9168|10
607.873.6961|8
831-844-6969|18
823-403-9697 x4982|5
489.386.7943 x750|1
481.871.0726 x22060|12
658-231-4623 x3645|12
1-569-282-3759|0
637.503.7052|6
(589) 573-7142 x050|9
386.873.9686|11
(224) 993-1948|11
790-672-7143 x1345|0
1-405-711-5234 x131|17
583.910.1703 x7861|6
246-643-3519|11
376-473-6218 x18480|11
706.459.2103|7
(255) 796-1430|13
1-588-766-7582 x64941|6
314-218-7396 x961|18
1-408-384-4399 x8539|5
913-968-2494|15
536-809-1502|8
1-940-369-6952|14
1-483-851-4525 x5571|6
1-301-780-4400 x23539|13
593.908.0923 x26963|11
(222) 747-7461|0
(845) 854-1717 x27440|1
626-627-6670 x52525|7
(630) 702-4951 x8677|5
430-276-3143 x96569|3
(542) 549-1607 x31445|7
212-934-7392|3
1-315-877-4514 x75011|4
942-655-0055|13
(708) 468-6747 x556|1
282.923.6890 x682|18
1-212-795-0186|17
839.525.6836 x05221|2
929.504.2707|1
(406) 679-6029 x1084|14
1-225-588-1312|1
(466) 785-0860 x95190|1
725.694.3297 x17524|14
463.259.9609|13
253-339-7601 x12128|0
1-536-526-6563 x255|10
606-659-2764 x5984|9
411.633.4390 x978|10
520.913.2167 x268|4
686-313-7088|4
(818) 634-6419|4
1-711-800-7958 x9784|17
1-394-233-6067 x4537|6
(610) 842-3238|13
691.820.8629 x56486|0
542.407.4805 x4576|11
1-450-932-3900|2
(582) 923-7500 x2246|19
1-369-653-1881 x19146|1
383.997.6603 x410|5
1-912-990-6532 x2860|5
506-545-3844 x63485|9
312-702-4154 x84924|13
1-940-467-6853|11
1-489-589-7016 x341|0
1-798-982-8823 x898|1
1-386-367-2765|9
909.258.8615 x01023|18
939-558-2848|17
1-400-504-7180 x9089|16
803-873-3032|16
942-320-1836 x730|4
1-261-828-4654|16
614-579-4999|17
277.583.3582|1
422-273-9808|17
1-997-689-8055 x54488|3
956-876-1977|13
928.437.1481 x889|19
1-731-857-2963|2
241.475.6039 x8418|11
1-645-917-9685 x43672|12
447-225-6144|3
401-243-1463|8
1-912-289-6204 x989|6
(620) 783-5309 x2867|10
1-485-445-9216|17
(483) 445-2645 x1438|11
(236) 826-3720 x73268|13
(887) 874-8579 x595|10
1-388-936-1244|3
864.962.7178 x60156|18
1-246-349-9485|1
1-825-739-4533|12
615.841.7313|10
1-588-363-3521|12
686-969-3573|15
1-800-753-7565|12
(522) 433-2779 x3501|3
1-630-626-9908 x7455|6
392.265.0464 x01379|7
(288) 504-1965 x843|11
982-315-8726 x34666|19
591.608.7978 x997|8
789-778-4980 x287|8
613.817.6047 x2044|0
1-266-764-7243|8
1-218-282-5420 x471|16
612.525.3897 x300|19
(852) 793-4802 x6899|10
594.330.2091 x5457|4
301.994.6743 x18141|13
747.926.0933|6
621.638.1507|6
1-755-848-5272|1
328.403.9427 x70437|0
(578) 865-1084 x97564|6
(733) 510-9600 x8118|12
541.672.5374 x485|16
1-206-707-9556 x74444|10
273.506.0940 x722|4
338-285-2260|5
571-902-7380 x5415|12
702-775-5889|14
991.967.5474|0
(496) 375-1214|5
456-812-1164 x181|3
(771) 708-4877 x42375|9
872-673-1948|8
1-446-863-0035|9
(874) 980-0004|2
1-777-648-7877 x106|2
1-632-385-3859 x9595|0
(485) 953-6026 x518|4
682-935-2332 x79679|18
(478) 289-4219 x31402|0
840.353.6373 x597|10
877.408.2158 x35911|8
(786) 830-9783 x938|0
(444) 433-4606|6
661-519-7281 x375|9
1-305-870-8810|1
686-647-2608 x9855|19
563.312.1611|10
380.480.8720 x26248|13
(983) 212-6954|14
614.907.4219 x4472|19
711.963.9378 x36245|2
1-337-769-4983 x497|18
249.844.3167 x46730|16
944.644.8608|13
734.474.4136|10
300-426-4704 x55202|3
288.865.4452|10
388-773-6970 x6685|2
857.206.3187 x058|9
1-741-632-3299 x84346|6
358-635-2961|12
1-974-451-5302 x07019|15
1-556-732-7879 x33366|10
(995) 585-3981 x332|4
(686) 882-0662 x721|17
523-343-1540|8
539.279.0076 x685|10
1-364-835-7311|8
1-986-926-9636 x0587|2
1-500-354-6783 x90354|9
(326) 864-7696 x38096|12
478.536.8860 x099|11
642-542-0879|1
1-824-640-9534 x801|7
1-503-626-9618|11
464-964-2783 x875|12
614.771.0362 x8168|10
710-899-9004 x16819|1
(620) 679-8632 x4042|3
375-396-9976|13
(286) 906-8369|2
597.603.2970|8
383-458-2684 x9607|6
1-366-561-0350 x6444|6
(711) 882-4932 x224|15
1-867-340-3724 x64327|0
574-806-3484 x17395|12
(849) 611-3728|3
992-738-8591 x0684|19
(286) 234-4796 x7937|17
922.484.3883 x077|10
1-819-438-9622 x449|1
(344) 404-6123|13
(971) 243-9543|14
1-902-975-5159|17
497-983-8581 x61386|7
(694) 474-1868 x07799|16
(894) 497-3613|9
(584) 537-8914 x2248|19
1-265-529-3919 x918|18
(239) 368-9608|9
(923) 771-7278|1
241.961.2488 x72563|11
761.251.7334|12
477.720.0228 x1065|7
(634) 647-9356|10
756.385.7465|17
911-258-4197 x82704|9
273-571-3287|2
(620) 443-5152 x446|5
(738) 312-6850|13
1-249-420-7293 x87278|16
1-748-711-1859 x931|19
1-203-473-4357 x875|16
238.342.9419 x160|4
291-926-9240 x7986|11
(244) 381-1750 x3837|9
373-852-6192 x4976|4
977.536.7418 x349|3
219.391.1043|4
558-230-6898 x678|16
1-781-507-6467|14
927.727.6344|9
(890) 677-5651 x91125|16
252.609.5109 x17404|19
236.811.3974 x4838|0
768.940.6036 x87979|4
222.879.9828 x46461|4
(213) 264-7190|6
945-483-1612|11
(242) 882-3214|2
504.942.8566|8
1-602-306-3906 x948|10
(922) 669-3460|10
984-249-4813 x45860|4
520-260-5470|0
1-896-433-4335 x883|5
(345) 973-8870|1
1-216-760-9549 x826|19
735-705-6636|17
820.296.7098 x21640|3
1-763-921-8443|10
(517) 755-8668 x0800|8
474.221.8542|1
815.972.9479|4
(913) 695-8771|1
746.723.7893|0
1-406-255-3794|0
259.893.1556 x234|10
417-351-2297 x97231|17
1-500-692-0156|5
895.450.5637|13
405-208-4508|13
970-379-1828 x52213|10
(616) 709-4824|17
1-394-762-2715 x57950|2
729.923.5217 x779|0
390-868-9946 x1454|17
(432) 267-2771|13
653-457-0187 x63042|14
1-286-766-1633 x1794|13
(516) 897-0282|10
(409) 541-8413|11
605-513-6124|11
782-828-6287 x1029|3
(375) 262-5378|5
616-536-7343|7
(942) 720-0781|8
1-951-377-4957|19
845.374.2002 x5890|11
372-910-0677|14
1-367-579-8558|8
399-328-2132|5
1-828-873-4561 x907|6
745-663-4270|8
1-343-503-2458 x413|13
562.408.7312 x726|6
596-999-7815 x165|15
410-663-8614|3
452.352.3823|18
1-694-816-0596 x16968|0
601.964.9878 x60984|8
(678) 516-4182 x258|17
951.917.2573 x97545|9
513.619.0960|6
1-675-784-0816|9
495-824-4669|2
1-987-798-3518|1
950-960-8842|13
(658) 903-0890 x79621|9
927-576-2173|7
(939) 750-0673 x1624|12
880.500.9939|8
257-887-1989|12
1-737-558-0046 x79363|4
1-960-634-7055 x5185|6
1-460-334-7591 x9108|7
1-532-385-7070|17
319-288-9797 x29199|13
569-277-1337 x50741|2
936-698-0098 x4465|14
(737) 639-7242 x1672|11
555-218-8971|5
(505) 769-6657|6
(698) 598-8482 x95049|3
526-408-6213 x7684|17
833.994.5404 x227|8
1-678-556-1839|7
953-482-7323|14
1-349-560-5723 x03082|10
505.642.1680 x105|16
1-368-296-2709|5
(719) 545-7351 x604|19
(237) 759-8047 x2991|2
400.434.0040|18
212-391-4763 x020|17
721-256-2721 x83816|0
377-760-6817 x710|1
1-277-630-5111|12
(428) 303-0972 x188|14
(798) 376-5042 x279|3
1-372-251-5053|0
1-723-483-1703 x8820|3
(633) 613-9866 x5938|10
(832) 388-1768|4
250-229-0004 x67480|19
391.749.9684 x4626|7
1-610-814-0253 x7951|0
577.601.2352 x298|2
(516) 317-0334 x567|15
810-207-9344 x82629|13
(334) 639-0722|8
407-513-3871 x533|17
466.636.5092|1
1-373-999-3923|7
1-380-305-3665|16
1-854-307-0991|10
(726) 773-9679 x2992|11
(748) 479-9309 x6236|13
748-346-8361 x930|9
1-477-234-2968 x26639|1
1-572-587-5677|2
755-394-4755 x0533|7
537-847-0721|9
672-663-3453 x11107|0
1-896-999-1880|9
915.686.9185 x290|10
1-695-434-9389|13
828-967-0707|18
503-771-4531|6
662-422-3967 x91424|0
888.586.8306|13
1-477-747-3376 x48145|3
846.650.4981|4
1-694-224-7654|18
830-969-4719 x0735|1
241-719-6220|15
1-737-615-4055|10
(565) 861-9397 x059|9
929-953-6528 x54192|11
(920) 741-1295 x25164|17
793.202.1132 x80651|15
1-843-262-7360 x986|5
(399) 749-3789 x94498|19
606-332-4879 x07843|18
203.491.0339|0
(988) 786-8113 x068|8
777.557.8808|18
324.684.0455 x4529|18
(382) 224-1910 x32340|5
(656) 288-9748 x868|15
461.207.4473 x496|9
(582) 626-3611 x2177|14
943-791-8742|3
324-564-9860|13
338.990.3858|8
572.409.5579 x925|13
517.796.9204 x75575|14
(755) 212-3336 x21449|10
579-997-9337 x16348|2
(283) 824-7810 x200|16
(380) 583-2740|14
(413) 628-7152 x404|2
678.436.2615 x694|3
(710) 857-5315 x8322|2
695-456-4223|7
1-734-663-6662|11
(321) 277-8039|13
1-904-247-2484|9
1-762-616-9303 x1486|3
(831) 865-1910|8
628.647.8252 x66169|15
684.433.0589|9
928.560.8516 x464|2
400.897.7842 x34521|12
(846) 740-7889 x8970|13
216.813.6154|4
1-866-822-3691 x156|8
330-879-7798|11
718.394.3518 x664|0
535-352-5480 x5080|1
571.438.1735|12
1-938-756-4387 x1700|2
(687) 888-9418|14
645.481.3360|11
1-212-788-8870 x8124|11
271.756.8164|10
674-517-4134 x374|9
(884) 451-2817 x4351|18
(735) 852-8107 x7696|11
290-720-1038 x87166|15
932.485.9182 x66594|9
429-322-7329 x7328|10
1-277-438-9966 x29794|14
1-400-808-9148|2
875-465-8019 x9939|0
1-334-273-6418 x48515|13
703.748.3645 x2821|2
(592) 915-7195 x4410|0
961-360-2601|18
695.780.3438 x8075|16
(834) 653-4024 x767|18
1-265-658-6025 x25580|9
945-756-4523|15
979-706-9971 x11252|17
305.208.5500 x313|7
798.827.6367|7
738.831.8702 x323|13
990-879-4863|11
(405) 425-5814 x59197|0
(213) 443-3594 x9027|11
818.583.0232 x0974|16
282.881.7363|6
1-854-265-4387|10
1-934-390-1034|1
205.905.0711|4
1-595-419-1749|12
308.317.4180 x37082|9
1-726-923-5569 x38787|12
678.433.3913 x287|11
(613) 452-4497 x62224|9
285.744.0523 x94667|2
(971) 896-5715|7
313.364.0260|5
(878) 491-7845 x403|15
271-905-0481 x7724|7
445-851-8304 x3906|3
339-295-5954 x291|15
(851) 291-8087|7
963.963.6290 x718|9
845.482.0851|7
542-611-2856 x581|2
791.508.8334|11
472.358.6653|0
(864) 397-0588|4
965.974.9233 x44115|6
859-760-9522|3
(794) 973-7696|7
990.890.9382|10
900.810.2217|11
1-365-201-8760 x938|11
(645) 581-5805|13
748.821.7552|5
1-848-545-3918 x6733|18
437.838.8083 x016|3
(530) 514-4079|11
407-657-3492|18
656.829.1666|2
(251) 776-6828|13
(329) 850-8469 x64225|18
240.255.1314 x784|18
(932) 424-4541 x014|11
(260) 448-1426 x478|17
(838) 551-8400|13
527.311.1662|16
682.683.9579 x49603|1
(743) 457-8016|0
1-433-810-9827|11
781.514.4680|0
765-619-1297|10
1-892-428-0806 x36118|4
1-774-876-2041 x309|12
1-645-375-5826 x8446|6
864-894-7876|9
1-603-201-5141 x79277|9
(668) 945-5303 x1714|16
210-675-3986 x8063|1
1-792-822-9728 x5937|11
651-714-8508 x4388|13
220.717.7212 x717|2
(208) 492-4713 x8279|1
(311) 805-7836|12
684-909-1275 x7844|6
295-928-5866 x140|8
1-945-932-0444 x055|0
419.580.1281 x2979|17
922-447-3950|4
691-443-6276|11
948.458.6883|6
1-454-633-7709|12
(862) 803-7500 x10440|16
(366) 380-4339 x39910|5
1-533-975-8660 x3235|9
(268) 888-8207|9
896-997-4246 x3610|11
698.866.6014|3
676.596.5776|5
736.888.8485 x870|18
(581) 210-2782 x374|16
897-901-7497|5
(824) 957-5639|4
1-894-701-2211|19
1-637-837-3365 x463|1
(584) 682-2709|0
1-510-739-8574 x3713|7
538-946-8044|6
875.228.1156 x952|13
1-214-560-7487 x7557|16
564.645.3984|5
1-282-587-9915 x2807|11
1-912-562-0481|9
769-502-7674|8
264-811-9747|16
(624) 386-3779|18
841-448-2955 x4610|17
810.577.3002 x1642|13
1-830-407-2395 x81846|12
(754) 510-0230 x952|1
1-520-276-5782|0
1-895-509-7647 x9280|6
753-528-0748|4
(332) 659-1972 x071|16
206.226.7226 x066|6
653-256-8810 x642|3
911-915-8159|1
505-943-6356|3
673-877-5800 x678|10
1-617-394-4443 x114|17
1-732-483-0087 x27985|18
753.707.5978 x809|4
455.268.0574|11
682.668.5133|3
594-606-0277|2
(282) 839-3274 x4179|3
632-955-5080 x4488|16
1-934-558-8453 x085|9
319-771-7836|5
277.786.6073 x2801|6
449.544.9967|1
1-638-950-4016 x901|14
898-763-9021|4
467-916-4125 x697|8
709-410-4445|11
1-901-884-3494 x33062|1
348-974-6191|3
276.206.4829|8
1-236-605-9422|12
308-276-2036 x4817|11
951-231-9656 x324|12
1-515-687-1269 x959|5
1-782-874-3423|11
(926) 935-3647 x8584|16
1-737-266-6130 x3786|5
231-200-0121|5
972.502.7314|6
632.589.2559 x03291|17
(720) 524-4220|13
1-498-429-4867|19
1-282-426-1112|6
1-872-692-4994|4
(498) 430-1302|9
455-417-2730|16
1-976-209-6302 x0073|14
763-638-5488|13
1-752-281-2041 x934|7
(424) 625-2339|6
999.666.1533 x1903|9
1-905-818-0266|13
1-644-451-4411 x692|9
836-367-6317|15
326-287-8611 x08058|15
(861) 593-4928 x868|6
(383) 559-9092|19
972-375-8822 x160|15
587-343-1543|2
(438) 299-3654|16
1-817-911-9462|10
(364) 370-5399 x6480|12
630-415-2371|12
1-803-607-4654|13
(861) 560-6432|18
1-701-915-5178|19
963.967.7995 x97117|5
(735) 726-1954|11
(552) 953-4279|13
(592) 314-1009 x44592|15
507-600-5886 x37486|5
394.713.2607|1
(484) 592-7963|4
(699) 983-9881 x91138|19
(365) 982-7046 x25369|3
985.492.2568|6
1-320-415-4214 x18762|7
851-909-8060|17
460.447.2664 x934|18
506.594.5975 x88856|1
739.644.1793|10
1-770-315-0427 x9464|12
506-520-7649 x6116|14
1-572-824-4063 x38563|19
(204) 872-0803 x1802|4
1-712-437-4830|19
(293) 708-0460 x200|9
(390) 263-0683|4
(250) 696-7735|17
1-378-401-0737 x55604|12
991.850.2064 x713|8
443-432-5419 x44883|6
(343) 704-8100 x4381|10
1-673-275-8420 x91782|10
(699) 966-3343 x27775|14
1-808-893-5128|7
992.281.3893 x56348|7
1-833-994-3874|13
(368) 314-0031|13
1-715-276-5011 x41432|11
320.621.2197 x33270|18
(503) 870-0691|12
342.945.4095 x15961|15
738-461-1333|5
360.307.0195 x2158|2
1-646-955-6639 x99012|15
708-921-4982|16
1-549-756-3966|10
1-950-994-3768|12
290.482.7804|9
432-499-7853 x105|6
528-413-9894 x282|18
456-643-5560 x257|15
(598) 967-2017|1
1-809-371-7773|0
649.263.2592|18
530.559.2803|13
(857) 298-4815 x0532|15
607-787-5302 x41699|14
297.425.3782 x99543|19
345.710.1549 x07153|10
(724) 534-6454 x33623|1
(497) 629-1045 x73928|3
580-611-7459 x4250|8
(488) 201-5938 x468|7
434.250.9965|6
462-474-4683|15
(849) 420-5342|14
639.905.5019|5
(327) 441-6296 x30799|2
1-557-344-2390|6
1-712-277-8694 x8794|6
(224) 394-9414 x7014|11
669-257-5272|14
205-513-3748|17
(492) 759-4990 x17353|17
1-363-805-3717 x212|4
822-507-0703 x91527|9
1-326-946-6976 x09301|16
(615) 894-8511|11
887.839.0712|3
276.465.5741 x8741|19
(412) 236-9457|19
1-396-549-7755|6
827.791.6471 x73279|13
537-655-6610|17
809.443.9555 x393|18
(450) 854-5836 x581|9
1-244-811-2166|17
1-398-299-5750 x077|3
457-535-5062 x7716|16
(391) 366-8394 x520|12
234.351.7229|19
646.784.8045|14
323-265-7374|6
851.563.2873 x211|17
(268) 895-9026|9
863.457.7904 x83702|7
970-593-3908 x0112|13
(998) 406-4412 x38648|14
(569) 496-3583 x8289|17
(531) 741-2316 x917|0
(360) 498-3437 x122|12
(745) 276-0732|10
367-527-8366 x256|10
998.304.8165 x7808|3
330.632.5264 x61255|14
(594) 228-8578|1
(312) 355-9474 x605|11
555.250.7083 x9442|2
224.221.8690|6
1-919-935-4000 x4519|16
222.380.9995 x67522|6
423.597.9193|3
(815) 981-4489 x9972|1
(510) 804-1010|18
814.578.1264 x163|9
1-638-565-5696 x979|2
1-295-274-9658 x150|2
(625) 836-3877 x39864|17
(647) 852-5529 x5697|15
724-928-1213|9
1-553-647-8340|17
(977) 330-8454 x5740|9
(795) 737-9298 x42660|6
1-302-637-1076 x42391|14
(534) 482-7743 x2259|2
346.566.9293|17
(886) 581-0611 x217|0
363.841.2491|0
1-752-318-2003 x505|16
1-585-509-7594|17
(224) 390-4909|19
(638) 605-0428 x0498|14
766-269-5911 x218|1
(862) 965-4059 x41731|1
243.213.5665|14
482-687-7955 x643|7
(478) 284-5458 x3386|18
796.244.4912 x3789|1
769.589.1376 x5344|10
810-410-7757 x58236|17
1-255-299-2153|5
1-477-610-8760|2
1-502-497-1237|10
866.476.7534|7
869.676.8005|13
208-472-0222 x7748|16
633-632-8542|18
683.425.2485 x8887|3
395.341.8185 x757|8
1-783-958-5895|7
830.424.1489 x93193|12
(699) 571-5853 x96631|15
876-957-5428|1
1-326-691-8151 x24521|15
1-327-624-5657 x5898|10
(386) 413-9577 x8180|10
1-366-498-2528 x210|11
(669) 791-4358|3
339-438-6215|17
1-347-403-8871 x239|17
839-679-1558 x8353|8
651.277.7926|11
(994) 336-2998|6
1-481-519-1890 x114|13
(531) 212-2255|12
(471) 644-3447 x7695|19
372.404.0480|9
354-996-2852 x457|2
1-608-725-9620|10
714.376.9039 x89758|12
334.738.3578 x20522|11
1-401-740-1473 x474|1
344-829-6665 x0254|14
780.917.8082 x45860|18
1-587-614-5030 x2452|4
538.726.7985 x1513|15
745-938-4741 x044|0
338-245-9582 x95522|19
238-932-0011|8
861-837-0738|18
1-517-882-4914 x707|6
1-552-406-4794 x1777|17
1-404-600-2380 x93502|19
532.995.1130|17
991-598-3704 x294|5
1-979-779-8496|16
(537) 724-6562 x605|0
1-273-249-9238 x00149|6
1-762-381-6678 x4508|2
236.333.4579|4
364.966.1928|18
210-531-4656|2
1-643-905-8269 x234|11
